id,label
1,Cat
2,Dog
3,Cat
4,Dog
5,Cat
6,Dog
7,Cat
8,Dog
9,Cat
10,Dog
11,Cat
12,Dog
13,Cat
14,Dog
15,Cat
16,Dog
17,Cat
18,Dog
19,Cat
20,Dog
21,Cat
22,Dog
23,Cat
24,Dog
25,Cat
26,Dog
27,Cat
28,Dog
29,Cat
30,Dog
31,Cat
32,Dog
33,Cat
34,Dog
35,Cat
36,Dog
37,Cat
38,Dog
39,Cat
40,Dog
41,Cat
42,Dog
43,Cat
44,Dog
45,Cat
46,Dog
47,Cat
48,Dog
49,Cat
50,Dog
51,Cat
52,Dog
53,Cat
54,Dog
55,Cat
56,Dog
57,Cat
58,Dog
59,Cat
60,Dog
61,Cat
62,Dog
63,Cat
64,Dog
65,Cat
66,Dog
67,Cat
68,Dog
69,Cat
70,Dog
71,Cat
72,Dog
73,Cat
74,Dog
75,Cat
76,Dog
77,Cat
78,Dog
79,Cat
80,Dog
81,Cat
82,Dog
83,Cat
84,Dog
85,Cat
86,Dog
87,Cat
88,Dog
89,Cat
90,Dog
91,Cat
92,Dog
93,Cat
94,Dog
95,Cat
96,Dog
97,Cat
98,Dog
99,Cat
100,Dog
101,Cat
102,Dog
103,Cat
104,Dog
105,Cat
106,Dog
107,Cat
108,Dog
109,Cat
110,Dog
111,Cat
112,Dog
113,Cat
114,Dog
115,Cat
116,Dog
117,Cat
118,Dog
119,Cat
120,Dog
121,Cat
122,Dog
123,Cat
124,Dog
125,Cat
126,Dog
127,Cat
128,Dog
129,Cat
130,Dog
131,Cat
132,Dog
133,Cat
134,Dog
135,Cat
136,Dog
137,Cat
138,Dog
139,Cat
140,Dog
141,Cat
142,Dog
143,Cat
144,Dog
145,Cat
146,Dog
147,Cat
148,Dog
149,Cat
150,Dog
151,Cat
152,Dog
153,Cat
154,Dog
155,Cat
156,Dog
157,Cat
158,Dog
159,Cat
160,Dog
161,Cat
162,Dog
163,Cat
164,Dog
165,Cat
166,Dog
167,Cat
168,Dog
169,Cat
170,Dog
171,Cat
172,Dog
173,Cat
174,Dog
175,Cat
176,Dog
177,Cat
178,Dog
179,Cat
180,Dog
181,Cat
182,Dog
183,Cat
184,Dog
185,Cat
186,Dog
187,Cat
188,Dog
189,Cat
190,Dog
191,Cat
192,Dog
193,Cat
194,Dog
195,Cat
196,Dog
197,Cat
198,Dog
199,Cat
200,Dog
201,Cat
202,Dog
203,Cat
204,Dog
205,Cat
206,Dog
207,Cat
208,Dog
209,Cat
210,Dog
211,Cat
212,Dog
213,Cat
214,Dog
215,Cat
216,Dog
217,Cat
218,Dog
219,Cat
220,Dog
221,Cat
222,Dog
223,Cat
224,Dog
225,Cat
226,Dog
227,Cat
228,Dog
229,Cat
230,Dog
231,Cat
232,Dog
233,Cat
234,Dog
235,Cat
236,Dog
237,Cat
238,Dog
239,Cat
240,Dog
241,Cat
242,Dog
243,Cat
244,Dog
245,Cat
246,Dog
247,Cat
248,Dog
249,Cat
250,Dog
251,Cat
252,Dog
253,Cat
254,Dog
255,Cat
256,Dog
257,Cat
258,Dog
259,Cat
260,Dog
261,Cat
262,Dog
263,Cat
264,Dog
265,Cat
266,Dog
267,Cat
268,Dog
269,Cat
270,Dog
271,Cat
272,Dog
273,Cat
274,Dog
275,Cat
276,Dog
277,Cat
278,Dog
279,Cat
280,Dog
281,Cat
282,Dog
283,Cat
284,Dog
285,Cat
286,Dog
287,Cat
288,Dog
289,Cat
290,Dog
291,Cat
292,Dog
293,Cat
294,Dog
295,Cat
296,Dog
297,Cat
298,Dog
299,Cat
300,Dog
301,Cat
302,Dog
303,Cat
304,Dog
305,Cat
306,Dog
307,Cat
308,Dog
309,Cat
310,Dog
311,Cat
312,Dog
313,Cat
314,Dog
315,Cat
316,Dog
317,Cat
318,Dog
319,Cat
320,Dog
321,Cat
322,Dog
323,Cat
324,Dog
325,Cat
326,Dog
327,Cat
328,Dog
329,Cat
330,Dog
331,Cat
332,Dog
333,Cat
334,Dog
335,Cat
336,Dog
337,Cat
338,Dog
339,Cat
340,Dog
341,Cat
342,Dog
343,Cat
344,Dog
345,Cat
346,Dog
347,Cat
348,Dog
349,Cat
350,Dog
351,Cat
352,Dog
353,Cat
354,Dog
355,Cat
356,Dog
357,Cat
358,Dog
359,Cat
360,Dog
361,Cat
362,Dog
363,Cat
364,Dog
365,Cat
366,Dog
367,Cat
368,Dog
369,Cat
370,Dog
371,Cat
372,Dog
373,Cat
374,Dog
375,Cat
376,Dog
377,Cat
378,Dog
379,Cat
380,Dog
381,Cat
382,Dog
383,Cat
384,Dog
385,Cat
386,Dog
387,Cat
388,Dog
389,Cat
390,Dog
391,Cat
392,Dog
393,Cat
394,Dog
395,Cat
396,Dog
397,Cat
398,Dog
399,Cat
400,Dog
401,Cat
402,Dog
403,Cat
404,Dog
405,Cat
406,Dog
407,Cat
408,Dog
409,Cat
410,Dog
411,Cat
412,Dog
413,Cat
414,Dog
415,Cat
416,Dog
417,Cat
418,Dog
419,Cat
420,Dog
421,Cat
422,Dog
423,Cat
424,Dog
425,Cat
426,Dog
427,Cat
428,Dog
429,Cat
430,Dog
431,Cat
432,Dog
433,Cat
434,Dog
435,Cat
436,Dog
437,Cat
438,Dog
439,Cat
440,Dog
441,Cat
442,Dog
443,Cat
444,Dog
445,Cat
446,Dog
447,Cat
448,Dog
449,Cat
450,Dog
451,Cat
452,Dog
453,Cat
454,Dog
455,Cat
456,Dog
457,Cat
458,Dog
459,Cat
460,Dog
461,Cat
462,Dog
463,Cat
464,Dog
465,Cat
466,Dog
467,Cat
468,Dog
469,Cat
470,Dog
471,Cat
472,Dog
473,Cat
474,Dog
475,Cat
476,Dog
477,Cat
478,Dog
479,Cat
480,Dog
481,Cat
482,Dog
483,Cat
484,Dog
485,Cat
486,Dog
487,Cat
488,Dog
489,Cat
490,Dog
491,Cat
492,Dog
493,Cat
494,Dog
495,Cat
496,Dog
497,Cat
498,Dog
499,Cat
500,Dog
501,Cat
502,Dog
503,Cat
504,Dog
505,Cat
506,Dog
507,Cat
508,Dog
509,Cat
510,Dog
511,Cat
512,Dog
513,Cat
514,Dog
515,Cat
516,Dog
517,Cat
518,Dog
519,Cat
520,Dog
521,Cat
522,Dog
523,Cat
524,Dog
525,Cat
526,Dog
527,Cat
528,Dog
529,Cat
530,Dog
531,Cat
532,Dog
533,Cat
534,Dog
535,Cat
536,Dog
537,Cat
538,Dog
539,Cat
540,Dog
541,Cat
542,Dog
543,Cat
544,Dog
545,Cat
546,Dog
547,Cat
548,Dog
549,Cat
550,Dog
551,Cat
552,Dog
553,Cat
554,Dog
555,Cat
556,Dog
557,Cat
558,Dog
559,Cat
560,Dog
561,Cat
562,Dog
563,Cat
564,Dog
565,Cat
566,Dog
567,Cat
568,Dog
569,Cat
570,Dog
571,Cat
572,Dog
573,Cat
574,Dog
575,Cat
576,Dog
577,Cat
578,Dog
579,Cat
580,Dog
581,Cat
582,Dog
583,Cat
584,Dog
585,Cat
586,Dog
587,Cat
588,Dog
589,Cat
590,Dog
591,Cat
592,Dog
593,Cat
594,Dog
595,Cat
596,Dog
597,Cat
598,Dog
599,Cat
600,Dog
601,Cat
602,Dog
603,Cat
604,Dog
605,Cat
606,Dog
607,Cat
608,Dog
609,Cat
610,Dog
611,Cat
612,Dog
613,Cat
614,Dog
615,Cat
616,Dog
617,Cat
618,Dog
619,Cat
620,Dog
621,Cat
622,Dog
623,Cat
624,Dog
625,Cat
626,Dog
627,Cat
628,Dog
629,Cat
630,Dog
631,Cat
632,Dog
633,Cat
634,Dog
635,Cat
636,Dog
637,Cat
638,Dog
639,Cat
640,Dog
641,Cat
642,Dog
643,Cat
644,Dog
645,Cat
646,Dog
647,Cat
648,Dog
649,Cat
650,Dog
651,Cat
652,Dog
653,Cat
654,Dog
655,Cat
656,Dog
657,Cat
658,Dog
659,Cat
660,Dog
661,Cat
662,Dog
663,Cat
664,Dog
665,Cat
666,Dog
667,Cat
668,Dog
669,Cat
670,Dog
671,Cat
672,Dog
673,Cat
674,Dog
675,Cat
676,Dog
677,Cat
678,Dog
679,Cat
680,Dog
681,Cat
682,Dog
683,Cat
684,Dog
685,Cat
686,Dog
687,Cat
688,Dog
689,Cat
690,Dog
691,Cat
692,Dog
693,Cat
694,Dog
695,Cat
696,Dog
697,Cat
698,Dog
699,Cat
700,Dog
701,Cat
702,Dog
703,Cat
704,Dog
705,Cat
706,Dog
707,Cat
708,Dog
709,Cat
710,Dog
711,Cat
712,Dog
713,Cat
714,Dog
715,Cat
716,Dog
717,Cat
718,Dog
719,Cat
720,Dog
721,Cat
722,Dog
723,Cat
724,Dog
725,Cat
726,Dog
727,Cat
728,Dog
729,Cat
730,Dog
731,Cat
732,Dog
733,Cat
734,Dog
735,Cat
736,Dog
737,Cat
738,Dog
739,Cat
740,Dog
741,Cat
742,Dog
743,Cat
744,Dog
745,Cat
746,Dog
747,Cat
748,Dog
749,Cat
750,Dog
751,Cat
752,Dog
753,Cat
754,Dog
755,Cat
756,Dog
757,Cat
758,Dog
759,Cat
760,Dog
761,Cat
762,Dog
763,Cat
764,Dog
765,Cat
766,Dog
767,Cat
768,Dog
769,Cat
770,Dog
771,Cat
772,Dog
773,Cat
774,Dog
775,Cat
776,Dog
777,Cat
778,Dog
779,Cat
780,Dog
781,Cat
782,Dog
783,Cat
784,Dog
785,Cat
786,Dog
787,Cat
788,Dog
789,Cat
790,Dog
791,Cat
792,Dog
793,Cat
794,Dog
795,Cat
796,Dog
797,Cat
798,Dog
799,Cat
800,Dog
801,Cat
802,Dog
803,Cat
804,Dog
805,Cat
806,Dog
807,Cat
808,Dog
809,Cat
810,Dog
811,Cat
812,Dog
813,Cat
814,Dog
815,Cat
816,Dog
817,Cat
818,Dog
819,Cat
820,Dog
821,Cat
822,Dog
823,Cat
824,Dog
825,Cat
826,Dog
827,Cat
828,Dog
829,Cat
830,Dog
831,Cat
832,Dog
833,Cat
834,Dog
835,Cat
836,Dog
837,Cat
838,Dog
839,Cat
840,Dog
841,Cat
842,Dog
843,Cat
844,Dog
845,Cat
846,Dog
847,Cat
848,Dog
849,Cat
850,Dog
851,Cat
852,Dog
853,Cat
854,Dog
855,Cat
856,Dog
857,Cat
858,Dog
859,Cat
860,Dog
861,Cat
862,Dog
863,Cat
864,Dog
865,Cat
866,Dog
867,Cat
868,Dog
869,Cat
870,Dog
871,Cat
872,Dog
873,Cat
874,Dog
875,Cat
876,Dog
877,Cat
878,Dog
879,Cat
880,Dog
881,Cat
882,Dog
883,Cat
884,Dog
885,Cat
886,Dog
887,Cat
888,Dog
889,Cat
890,Dog
891,Cat
892,Dog
893,Cat
894,Dog
895,Cat
896,Dog
897,Cat
898,Dog
899,Cat
900,Dog
901,Cat
902,Dog
903,Cat
904,Dog
905,Cat
906,Dog
907,Cat
908,Dog
909,Cat
910,Dog
911,Cat
912,Dog
913,Cat
914,Dog
915,Cat
916,Dog
917,Cat
918,Dog
919,Cat
920,Dog
921,Cat
922,Dog
923,Cat
924,Dog
925,Cat
926,Dog
927,Cat
928,Dog
929,Cat
930,Dog
931,Cat
932,Dog
933,Cat
934,Dog
935,Cat
936,Dog
937,Cat
938,Dog
939,Cat
940,Dog
941,Cat
942,Dog
943,Cat
944,Dog
945,Cat
946,Dog
947,Cat
948,Dog
949,Cat
950,Dog
951,Cat
952,Dog
953,Cat
954,Dog
955,Cat
956,Dog
957,Cat
958,Dog
959,Cat
960,Dog
961,Cat
962,Dog
963,Cat
964,Dog
965,Cat
966,Dog
967,Cat
968,Dog
969,Cat
970,Dog
971,Cat
972,Dog
973,Cat
974,Dog
975,Cat
976,Dog
977,Cat
978,Dog
979,Cat
980,Dog
981,Cat
982,Dog
983,Cat
984,Dog
985,Cat
986,Dog
987,Cat
988,Dog
989,Cat
990,Dog
991,Cat
992,Dog
993,Cat
994,Dog
995,Cat
996,Dog
997,Cat
998,Dog
999,Cat
1000,Dog
1001,Cat
1002,Dog
1003,Cat
1004,Dog
1005,Cat
1006,Dog
1007,Cat
1008,Dog
1009,Cat
1010,Dog
1011,Cat
1012,Dog
1013,Cat
1014,Dog
1015,Cat
1016,Dog
1017,Cat
1018,Dog
1019,Cat
1020,Dog
1021,Cat
1022,Dog
1023,Cat
1024,Dog
1025,Cat
1026,Dog
1027,Cat
1028,Dog
1029,Cat
1030,Dog
1031,Cat
1032,Dog
1033,Cat
1034,Dog
1035,Cat
1036,Dog
1037,Cat
1038,Dog
1039,Cat
1040,Dog
1041,Cat
1042,Dog
1043,Cat
1044,Dog
1045,Cat
1046,Dog
1047,Cat
1048,Dog
1049,Cat
1050,Dog
1051,Cat
1052,Dog
1053,Cat
1054,Dog
1055,Cat
1056,Dog
1057,Cat
1058,Dog
1059,Cat
1060,Dog
1061,Cat
1062,Dog
1063,Cat
1064,Dog
1065,Cat
1066,Dog
1067,Cat
1068,Dog
1069,Cat
1070,Dog
1071,Cat
1072,Dog
1073,Cat
1074,Dog
1075,Cat
1076,Dog
1077,Cat
1078,Dog
1079,Cat
1080,Dog
1081,Cat
1082,Dog
1083,Cat
1084,Dog
1085,Cat
1086,Dog
1087,Cat
1088,Dog
1089,Cat
1090,Dog
1091,Cat
1092,Dog
1093,Cat
1094,Dog
1095,Cat
1096,Dog
1097,Cat
1098,Dog
1099,Cat
1100,Dog
1101,Cat
1102,Dog
1103,Cat
1104,Dog
1105,Cat
1106,Dog
1107,Cat
1108,Dog
1109,Cat
1110,Dog
1111,Cat
1112,Dog
1113,Cat
1114,Dog
1115,Cat
1116,Dog
1117,Cat
1118,Dog
1119,Cat
1120,Dog
1121,Cat
1122,Dog
1123,Cat
1124,Dog
1125,Cat
1126,Dog
1127,Cat
1128,Dog
1129,Cat
1130,Dog
1131,Cat
1132,Dog
1133,Cat
1134,Dog
1135,Cat
1136,Dog
1137,Cat
1138,Dog
1139,Cat
1140,Dog
1141,Cat
1142,Dog
1143,Cat
1144,Dog
1145,Cat
1146,Dog
1147,Cat
1148,Dog
1149,Cat
1150,Dog
1151,Cat
1152,Dog
1153,Cat
1154,Dog
1155,Cat
1156,Dog
1157,Cat
1158,Dog
1159,Cat
1160,Dog
1161,Cat
1162,Dog
1163,Cat
1164,Dog
1165,Cat
1166,Dog
1167,Cat
1168,Dog
1169,Cat
1170,Dog
1171,Cat
1172,Dog
1173,Cat
1174,Dog
1175,Cat
1176,Dog
1177,Cat
1178,Dog
1179,Cat
1180,Dog
1181,Cat
1182,Dog
1183,Cat
1184,Dog
1185,Cat
1186,Dog
1187,Cat
1188,Dog
1189,Cat
1190,Dog
1191,Cat
1192,Dog
1193,Cat
1194,Dog
1195,Cat
1196,Dog
1197,Cat
1198,Dog
1199,Cat
1200,Dog
1201,Cat
1202,Dog
1203,Cat
1204,Dog
1205,Cat
1206,Dog
1207,Cat
1208,Dog
1209,Cat
1210,Dog
1211,Cat
1212,Dog
1213,Cat
1214,Dog
1215,Cat
1216,Dog
1217,Cat
1218,Dog
1219,Cat
1220,Dog
1221,Cat
1222,Dog
1223,Cat
1224,Dog
1225,Cat
1226,Dog
1227,Cat
1228,Dog
1229,Cat
1230,Dog
1231,Cat
1232,Dog
1233,Cat
1234,Dog
1235,Cat
1236,Dog
1237,Cat
1238,Dog
1239,Cat
1240,Dog
1241,Cat
1242,Dog
1243,Cat
1244,Dog
1245,Cat
1246,Dog
1247,Cat
1248,Dog
1249,Cat
1250,Dog
1251,Cat
1252,Dog
1253,Cat
1254,Dog
1255,Cat
1256,Dog
1257,Cat
1258,Dog
1259,Cat
1260,Dog
1261,Cat
1262,Dog
1263,Cat
1264,Dog
1265,Cat
1266,Dog
1267,Cat
1268,Dog
1269,Cat
1270,Dog
1271,Cat
1272,Dog
1273,Cat
1274,Dog
1275,Cat
1276,Dog
1277,Cat
1278,Dog
1279,Cat
1280,Dog
1281,Cat
1282,Dog
1283,Cat
1284,Dog
1285,Cat
1286,Dog
1287,Cat
1288,Dog
1289,Cat
1290,Dog
1291,Cat
1292,Dog
1293,Cat
1294,Dog
1295,Cat
1296,Dog
1297,Cat
1298,Dog
1299,Cat
1300,Dog
1301,Cat
1302,Dog
1303,Cat
1304,Dog
1305,Cat
1306,Dog
1307,Cat
1308,Dog
1309,Cat
1310,Dog
1311,Cat
1312,Dog
1313,Cat
1314,Dog
1315,Cat
1316,Dog
1317,Cat
1318,Dog
1319,Cat
1320,Dog
1321,Cat
1322,Dog
1323,Cat
1324,Dog
1325,Cat
1326,Dog
1327,Cat
1328,Dog
1329,Cat
1330,Dog
1331,Cat
1332,Dog
1333,Cat
1334,Dog
1335,Cat
1336,Dog
1337,Cat
1338,Dog
1339,Cat
1340,Dog
1341,Cat
1342,Dog
1343,Cat
1344,Dog
1345,Cat
1346,Dog
1347,Cat
1348,Dog
1349,Cat
1350,Dog
1351,Cat
1352,Dog
1353,Cat
1354,Dog
1355,Cat
1356,Dog
1357,Cat
1358,Dog
1359,Cat
1360,Dog
1361,Cat
1362,Dog
1363,Cat
1364,Dog
1365,Cat
1366,Dog
1367,Cat
1368,Dog
1369,Cat
1370,Dog
1371,Cat
1372,Dog
1373,Cat
1374,Dog
1375,Cat
1376,Dog
1377,Cat
1378,Dog
1379,Cat
1380,Dog
1381,Cat
1382,Dog
1383,Cat
1384,Dog
1385,Cat
1386,Dog
1387,Cat
1388,Dog
1389,Cat
1390,Dog
1391,Cat
1392,Dog
1393,Cat
1394,Dog
1395,Cat
1396,Dog
1397,Cat
1398,Dog
1399,Cat
1400,Dog
1401,Cat
1402,Dog
1403,Cat
1404,Dog
1405,Cat
1406,Dog
1407,Cat
1408,Dog
1409,Cat
1410,Dog
1411,Cat
1412,Dog
1413,Cat
1414,Dog
1415,Cat
1416,Dog
1417,Cat
1418,Dog
1419,Cat
1420,Dog
1421,Cat
1422,Dog
1423,Cat
1424,Dog
1425,Cat
1426,Dog
1427,Cat
1428,Dog
1429,Cat
1430,Dog
1431,Cat
1432,Dog
1433,Cat
1434,Dog
1435,Cat
1436,Dog
1437,Cat
1438,Dog
1439,Cat
1440,Dog
1441,Cat
1442,Dog
1443,Cat
1444,Dog
1445,Cat
1446,Dog
1447,Cat
1448,Dog
1449,Cat
1450,Dog
1451,Cat
1452,Dog
1453,Cat
1454,Dog
1455,Cat
1456,Dog
1457,Cat
1458,Dog
1459,Cat
1460,Dog
1461,Cat
1462,Dog
1463,Cat
1464,Dog
1465,Cat
1466,Dog
1467,Cat
1468,Dog
1469,Cat
1470,Dog
1471,Cat
1472,Dog
1473,Cat
1474,Dog
1475,Cat
1476,Dog
1477,Cat
1478,Dog
1479,Cat
1480,Dog
1481,Cat
1482,Dog
1483,Cat
1484,Dog
1485,Cat
1486,Dog
1487,Cat
1488,Dog
1489,Cat
1490,Dog
1491,Cat
1492,Dog
1493,Cat
1494,Dog
1495,Cat
1496,Dog
1497,Cat
1498,Dog
1499,Cat
1500,Dog
1501,Cat
1502,Dog
1503,Cat
1504,Dog
1505,Cat
1506,Dog
1507,Cat
1508,Dog
1509,Cat
1510,Dog
1511,Cat
1512,Dog
1513,Cat
1514,Dog
1515,Cat
1516,Dog
1517,Cat
1518,Dog
1519,Cat
1520,Dog
1521,Cat
1522,Dog
1523,Cat
1524,Dog
1525,Cat
1526,Dog
1527,Cat
1528,Dog
1529,Cat
1530,Dog
1531,Cat
1532,Dog
1533,Cat
1534,Dog
1535,Cat
1536,Dog
1537,Cat
1538,Dog
1539,Cat
1540,Dog
1541,Cat
1542,Dog
1543,Cat
1544,Dog
1545,Cat
1546,Dog
1547,Cat
1548,Dog
1549,Cat
1550,Dog
1551,Cat
1552,Dog
1553,Cat
1554,Dog
1555,Cat
1556,Dog
1557,Cat
1558,Dog
1559,Cat
1560,Dog
1561,Cat
1562,Dog
1563,Cat
1564,Dog
1565,Cat
1566,Dog
1567,Cat
1568,Dog
1569,Cat
1570,Dog
1571,Cat
1572,Dog
1573,Cat
1574,Dog
1575,Cat
1576,Dog
1577,Cat
1578,Dog
1579,Cat
1580,Dog
1581,Cat
1582,Dog
1583,Cat
1584,Dog
1585,Cat
1586,Dog
1587,Cat
1588,Dog
1589,Cat
1590,Dog
1591,Cat
1592,Dog
1593,Cat
1594,Dog
1595,Cat
1596,Dog
1597,Cat
1598,Dog
1599,Cat
1600,Dog
1601,Cat
1602,Dog
1603,Cat
1604,Dog
1605,Cat
1606,Dog
1607,Cat
1608,Dog
1609,Cat
1610,Dog
1611,Cat
1612,Dog
1613,Cat
1614,Dog
1615,Cat
1616,Dog
1617,Cat
1618,Dog
1619,Cat
1620,Dog
1621,Cat
1622,Dog
1623,Cat
1624,Dog
1625,Cat
1626,Dog
1627,Cat
1628,Dog
1629,Cat
1630,Dog
1631,Cat
1632,Dog
1633,Cat
1634,Dog
1635,Cat
1636,Dog
1637,Cat
1638,Dog
1639,Cat
1640,Dog
1641,Cat
1642,Dog
1643,Cat
1644,Dog
1645,Cat
1646,Dog
1647,Cat
1648,Dog
1649,Cat
1650,Dog
1651,Cat
1652,Dog
1653,Cat
1654,Dog
1655,Cat
1656,Dog
1657,Cat
1658,Dog
1659,Cat
1660,Dog
1661,Cat
1662,Dog
1663,Cat
1664,Dog
1665,Cat
1666,Dog
1667,Cat
1668,Dog
1669,Cat
1670,Dog
1671,Cat
1672,Dog
1673,Cat
1674,Dog
1675,Cat
1676,Dog
1677,Cat
1678,Dog
1679,Cat
1680,Dog
1681,Cat
1682,Dog
1683,Cat
1684,Dog
1685,Cat
1686,Dog
1687,Cat
1688,Dog
1689,Cat
1690,Dog
1691,Cat
1692,Dog
1693,Cat
1694,Dog
1695,Cat
1696,Dog
1697,Cat
1698,Dog
1699,Cat
1700,Dog
1701,Cat
1702,Dog
1703,Cat
1704,Dog
1705,Cat
1706,Dog
1707,Cat
1708,Dog
1709,Cat
1710,Dog
1711,Cat
1712,Dog
1713,Cat
1714,Dog
1715,Cat
1716,Dog
1717,Cat
1718,Dog
1719,Cat
1720,Dog
1721,Cat
1722,Dog
1723,Cat
1724,Dog
1725,Cat
1726,Dog
1727,Cat
1728,Dog
1729,Cat
1730,Dog
1731,Cat
1732,Dog
1733,Cat
1734,Dog
1735,Cat
1736,Dog
1737,Cat
1738,Dog
1739,Cat
1740,Dog
1741,Cat
1742,Dog
1743,Cat
1744,Dog
1745,Cat
1746,Dog
1747,Cat
1748,Dog
1749,Cat
1750,Dog
1751,Cat
1752,Dog
1753,Cat
1754,Dog
1755,Cat
1756,Dog
1757,Cat
1758,Dog
1759,Cat
1760,Dog
1761,Cat
1762,Dog
1763,Cat
1764,Dog
1765,Cat
1766,Dog
1767,Cat
1768,Dog
1769,Cat
1770,Dog
1771,Cat
1772,Dog
1773,Cat
1774,Dog
1775,Cat
1776,Dog
1777,Cat
1778,Dog
1779,Cat
1780,Dog
1781,Cat
1782,Dog
1783,Cat
1784,Dog
1785,Cat
1786,Dog
1787,Cat
1788,Dog
1789,Cat
1790,Dog
1791,Cat
1792,Dog
1793,Cat
1794,Dog
1795,Cat
1796,Dog
1797,Cat
1798,Dog
1799,Cat
1800,Dog
1801,Cat
1802,Dog
1803,Cat
1804,Dog
1805,Cat
1806,Dog
1807,Cat
1808,Dog
1809,Cat
1810,Dog
1811,Cat
1812,Dog
1813,Cat
1814,Dog
1815,Cat
1816,Dog
1817,Cat
1818,Dog
1819,Cat
1820,Dog
1821,Cat
1822,Dog
1823,Cat
1824,Dog
1825,Cat
1826,Dog
1827,Cat
1828,Dog
1829,Cat
1830,Dog
1831,Cat
1832,Dog
1833,Cat
1834,Dog
1835,Cat
1836,Dog
1837,Cat
1838,Dog
1839,Cat
1840,Dog
1841,Cat
1842,Dog
1843,Cat
1844,Dog
1845,Cat
1846,Dog
1847,Cat
1848,Dog
1849,Cat
1850,Dog
1851,Cat
1852,Dog
1853,Cat
1854,Dog
1855,Cat
1856,Dog
1857,Cat
1858,Dog
1859,Cat
1860,Dog
1861,Cat
1862,Dog
1863,Cat
1864,Dog
1865,Cat
1866,Dog
1867,Cat
1868,Dog
1869,Cat
1870,Dog
1871,Cat
1872,Dog
1873,Cat
1874,Dog
1875,Cat
1876,Dog
1877,Cat
1878,Dog
1879,Cat
1880,Dog
1881,Cat
1882,Dog
1883,Cat
1884,Dog
1885,Cat
1886,Dog
1887,Cat
1888,Dog
1889,Cat
1890,Dog
1891,Cat
1892,Dog
1893,Cat
1894,Dog
1895,Cat
1896,Dog
1897,Cat
1898,Dog
1899,Cat
1900,Dog
1901,Cat
1902,Dog
1903,Cat
1904,Dog
1905,Cat
1906,Dog
1907,Cat
1908,Dog
1909,Cat
1910,Dog
1911,Cat
1912,Dog
1913,Cat
1914,Dog
1915,Cat
1916,Dog
1917,Cat
1918,Dog
1919,Cat
1920,Dog
1921,Cat
1922,Dog
1923,Cat
1924,Dog
1925,Cat
1926,Dog
1927,Cat
1928,Dog
1929,Cat
1930,Dog
1931,Cat
1932,Dog
1933,Cat
1934,Dog
1935,Cat
1936,Dog
1937,Cat
1938,Dog
1939,Cat
1940,Dog
1941,Cat
1942,Dog
1943,Cat
1944,Dog
1945,Cat
1946,Dog
1947,Cat
1948,Dog
1949,Cat
1950,Dog
1951,Cat
1952,Dog
1953,Cat
1954,Dog
1955,Cat
1956,Dog
1957,Cat
1958,Dog
1959,Cat
1960,Dog
1961,Cat
1962,Dog
1963,Cat
1964,Dog
1965,Cat
1966,Dog
1967,Cat
1968,Dog
1969,Cat
1970,Dog
1971,Cat
1972,Dog
1973,Cat
1974,Dog
1975,Cat
1976,Dog
1977,Cat
1978,Dog
1979,Cat
1980,Dog
1981,Cat
1982,Dog
1983,Cat
1984,Dog
1985,Cat
1986,Dog
1987,Cat
1988,Dog
1989,Cat
1990,Dog
1991,Cat
1992,Dog
1993,Cat
1994,Dog
1995,Cat
1996,Dog
1997,Cat
1998,Dog
1999,Cat
2000,Dog
2001,Cat
2002,Dog
2003,Cat
2004,Dog
2005,Cat
2006,Dog
2007,Cat
2008,Dog
2009,Cat
2010,Dog
2011,Cat
2012,Dog
2013,Cat
2014,Dog
2015,Cat
2016,Dog
2017,Cat
2018,Dog
2019,Cat
2020,Dog
2021,Cat
2022,Dog
2023,Cat
2024,Dog
2025,Cat
2026,Dog
2027,Cat
2028,Dog
2029,Cat
2030,Dog
2031,Cat
2032,Dog
2033,Cat
2034,Dog
2035,Cat
2036,Dog
2037,Cat
2038,Dog
2039,Cat
2040,Dog
2041,Cat
2042,Dog
2043,Cat
2044,Dog
2045,Cat
2046,Dog
2047,Cat
2048,Dog
2049,Cat
2050,Dog
2051,Cat
2052,Dog
2053,Cat
2054,Dog
2055,Cat
2056,Dog
2057,Cat
2058,Dog
2059,Cat
2060,Dog
2061,Cat
2062,Dog
2063,Cat
2064,Dog
2065,Cat
2066,Dog
2067,Cat
2068,Dog
2069,Cat
2070,Dog
2071,Cat
2072,Dog
2073,Cat
2074,Dog
2075,Cat
2076,Dog
2077,Cat
2078,Dog
2079,Cat
2080,Dog
2081,Cat
2082,Dog
2083,Cat
2084,Dog
2085,Cat
2086,Dog
2087,Cat
2088,Dog
2089,Cat
2090,Dog
2091,Cat
2092,Dog
2093,Cat
2094,Dog
2095,Cat
2096,Dog
2097,Cat
2098,Dog
2099,Cat
2100,Dog
2101,Cat
2102,Dog
2103,Cat
2104,Dog
2105,Cat
2106,Dog
2107,Cat
2108,Dog
2109,Cat
2110,Dog
2111,Cat
2112,Dog
2113,Cat
2114,Dog
2115,Cat
2116,Dog
2117,Cat
2118,Dog
2119,Cat
2120,Dog
2121,Cat
2122,Dog
2123,Cat
2124,Dog
2125,Cat
2126,Dog
2127,Cat
2128,Dog
2129,Cat
2130,Dog
2131,Cat
2132,Dog
2133,Cat
2134,Dog
2135,Cat
2136,Dog
2137,Cat
2138,Dog
2139,Cat
2140,Dog
2141,Cat
2142,Dog
2143,Cat
2144,Dog
2145,Cat
2146,Dog
2147,Cat
2148,Dog
2149,Cat
2150,Dog
2151,Cat
2152,Dog
2153,Cat
2154,Dog
2155,Cat
2156,Dog
2157,Cat
2158,Dog
2159,Cat
2160,Dog
2161,Cat
2162,Dog
2163,Cat
2164,Dog
2165,Cat
2166,Dog
2167,Cat
2168,Dog
2169,Cat
2170,Dog
2171,Cat
2172,Dog
2173,Cat
2174,Dog
2175,Cat
2176,Dog
2177,Cat
2178,Dog
2179,Cat
2180,Dog
2181,Cat
2182,Dog
2183,Cat
2184,Dog
2185,Cat
2186,Dog
2187,Cat
2188,Dog
2189,Cat
2190,Dog
2191,Cat
2192,Dog
2193,Cat
2194,Dog
2195,Cat
2196,Dog
2197,Cat
2198,Dog
2199,Cat
2200,Dog
2201,Cat
2202,Dog
2203,Cat
2204,Dog
2205,Cat
2206,Dog
2207,Cat
2208,Dog
2209,Cat
2210,Dog
2211,Cat
2212,Dog
2213,Cat
2214,Dog
2215,Cat
2216,Dog
2217,Cat
2218,Dog
2219,Cat
2220,Dog
2221,Cat
2222,Dog
2223,Cat
2224,Dog
2225,Cat
2226,Dog
2227,Cat
2228,Dog
2229,Cat
2230,Dog
2231,Cat
2232,Dog
2233,Cat
2234,Dog
2235,Cat
2236,Dog
2237,Cat
2238,Dog
2239,Cat
2240,Dog
2241,Cat
2242,Dog
2243,Cat
2244,Dog
2245,Cat
2246,Dog
2247,Cat
2248,Dog
2249,Cat
2250,Dog
2251,Cat
2252,Dog
2253,Cat
2254,Dog
2255,Cat
2256,Dog
2257,Cat
2258,Dog
2259,Cat
2260,Dog
2261,Cat
2262,Dog
2263,Cat
2264,Dog
2265,Cat
2266,Dog
2267,Cat
2268,Dog
2269,Cat
2270,Dog
2271,Cat
2272,Dog
2273,Cat
2274,Dog
2275,Cat
2276,Dog
2277,Cat
2278,Dog
2279,Cat
2280,Dog
2281,Cat
2282,Dog
2283,Cat
2284,Dog
2285,Cat
2286,Dog
2287,Cat
2288,Dog
2289,Cat
2290,Dog
2291,Cat
2292,Dog
2293,Cat
2294,Dog
2295,Cat
2296,Dog
2297,Cat
2298,Dog
2299,Cat
2300,Dog
2301,Cat
2302,Dog
2303,Cat
2304,Dog
2305,Cat
2306,Dog
2307,Cat
2308,Dog
2309,Cat
2310,Dog
2311,Cat
2312,Dog
2313,Cat
2314,Dog
2315,Cat
2316,Dog
2317,Cat
2318,Dog
2319,Cat
2320,Dog
2321,Cat
2322,Dog
2323,Cat
2324,Dog
2325,Cat
2326,Dog
2327,Cat
2328,Dog
2329,Cat
2330,Dog
2331,Cat
2332,Dog
2333,Cat
2334,Dog
2335,Cat
2336,Dog
2337,Cat
2338,Dog
2339,Cat
2340,Dog
2341,Cat
2342,Dog
2343,Cat
2344,Dog
2345,Cat
2346,Dog
2347,Cat
2348,Dog
2349,Cat
2350,Dog
2351,Cat
2352,Dog
2353,Cat
2354,Dog
2355,Cat
2356,Dog
2357,Cat
2358,Dog
2359,Cat
2360,Dog
2361,Cat
2362,Dog
2363,Cat
2364,Dog
2365,Cat
2366,Dog
2367,Cat
2368,Dog
2369,Cat
2370,Dog
2371,Cat
2372,Dog
2373,Cat
2374,Dog
2375,Cat
2376,Dog
2377,Cat
2378,Dog
2379,Cat
2380,Dog
2381,Cat
2382,Dog
2383,Cat
2384,Dog
2385,Cat
2386,Dog
2387,Cat
2388,Dog
2389,Cat
2390,Dog
2391,Cat
2392,Dog
2393,Cat
2394,Dog
2395,Cat
2396,Dog
2397,Cat
2398,Dog
2399,Cat
2400,Dog
2401,Cat
2402,Dog
2403,Cat
2404,Dog
2405,Cat
2406,Dog
2407,Cat
2408,Dog
2409,Cat
2410,Dog
2411,Cat
2412,Dog
2413,Cat
2414,Dog
2415,Cat
2416,Dog
2417,Cat
2418,Dog
2419,Cat
2420,Dog
2421,Cat
2422,Dog
2423,Cat
2424,Dog
2425,Cat
2426,Dog
2427,Cat
2428,Dog
2429,Cat
2430,Dog
2431,Cat
2432,Dog
2433,Cat
2434,Dog
2435,Cat
2436,Dog
2437,Cat
2438,Dog
2439,Cat
2440,Dog
2441,Cat
2442,Dog
2443,Cat
2444,Dog
2445,Cat
2446,Dog
2447,Cat
2448,Dog
2449,Cat
2450,Dog
2451,Cat
2452,Dog
2453,Cat
2454,Dog
2455,Cat
2456,Dog
2457,Cat
2458,Dog
2459,Cat
2460,Dog
2461,Cat
2462,Dog
2463,Cat
2464,Dog
2465,Cat
2466,Dog
2467,Cat
2468,Dog
2469,Cat
2470,Dog
2471,Cat
2472,Dog
2473,Cat
2474,Dog
2475,Cat
2476,Dog
2477,Cat
2478,Dog
2479,Cat
2480,Dog
2481,Cat
2482,Dog
2483,Cat
2484,Dog
2485,Cat
2486,Dog
2487,Cat
2488,Dog
2489,Cat
2490,Dog
2491,Cat
2492,Dog
2493,Cat
2494,Dog
2495,Cat
2496,Dog
2497,Cat
2498,Dog
2499,Cat
2500,Dog
2501,Cat
2502,Dog
2503,Cat
2504,Dog
2505,Cat
2506,Dog
2507,Cat
2508,Dog
2509,Cat
2510,Dog
2511,Cat
2512,Dog
2513,Cat
2514,Dog
2515,Cat
2516,Dog
2517,Cat
2518,Dog
2519,Cat
2520,Dog
2521,Cat
2522,Dog
2523,Cat
2524,Dog
2525,Cat
2526,Dog
2527,Cat
2528,Dog
2529,Cat
2530,Dog
2531,Cat
2532,Dog
2533,Cat
2534,Dog
2535,Cat
2536,Dog
2537,Cat
2538,Dog
2539,Cat
2540,Dog
2541,Cat
2542,Dog
2543,Cat
2544,Dog
2545,Cat
2546,Dog
2547,Cat
2548,Dog
2549,Cat
2550,Dog
2551,Cat
2552,Dog
2553,Cat
2554,Dog
2555,Cat
2556,Dog
2557,Cat
2558,Dog
2559,Cat
2560,Dog
2561,Cat
2562,Dog
2563,Cat
2564,Dog
2565,Cat
2566,Dog
2567,Cat
2568,Dog
2569,Cat
2570,Dog
2571,Cat
2572,Dog
2573,Cat
2574,Dog
2575,Cat
2576,Dog
2577,Cat
2578,Dog
2579,Cat
2580,Dog
2581,Cat
2582,Dog
2583,Cat
2584,Dog
2585,Cat
2586,Dog
2587,Cat
2588,Dog
2589,Cat
2590,Dog
2591,Cat
2592,Dog
2593,Cat
2594,Dog
2595,Cat
2596,Dog
2597,Cat
2598,Dog
2599,Cat
2600,Dog
2601,Cat
2602,Dog
2603,Cat
2604,Dog
2605,Cat
2606,Dog
2607,Cat
2608,Dog
2609,Cat
2610,Dog
2611,Cat
2612,Dog
2613,Cat
2614,Dog
2615,Cat
2616,Dog
2617,Cat
2618,Dog
2619,Cat
2620,Dog
2621,Cat
2622,Dog
2623,Cat
2624,Dog
2625,Cat
2626,Dog
2627,Cat
2628,Dog
2629,Cat
2630,Dog
2631,Cat
2632,Dog
2633,Cat
2634,Dog
2635,Cat
2636,Dog
2637,Cat
2638,Dog
2639,Cat
2640,Dog
2641,Cat
2642,Dog
2643,Cat
2644,Dog
2645,Cat
2646,Dog
2647,Cat
2648,Dog
2649,Cat
2650,Dog
2651,Cat
2652,Dog
2653,Cat
2654,Dog
2655,Cat
2656,Dog
2657,Cat
2658,Dog
2659,Cat
2660,Dog
2661,Cat
2662,Dog
2663,Cat
2664,Dog
2665,Cat
2666,Dog
2667,Cat
2668,Dog
2669,Cat
2670,Dog
2671,Cat
2672,Dog
2673,Cat
2674,Dog
2675,Cat
2676,Dog
2677,Cat
2678,Dog
2679,Cat
2680,Dog
2681,Cat
2682,Dog
2683,Cat
2684,Dog
2685,Cat
2686,Dog
2687,Cat
2688,Dog
2689,Cat
2690,Dog
2691,Cat
2692,Dog
2693,Cat
2694,Dog
2695,Cat
2696,Dog
2697,Cat
2698,Dog
2699,Cat
2700,Dog
2701,Cat
2702,Dog
2703,Cat
2704,Dog
2705,Cat
2706,Dog
2707,Cat
2708,Dog
2709,Cat
2710,Dog
2711,Cat
2712,Dog
2713,Cat
2714,Dog
2715,Cat
2716,Dog
2717,Cat
2718,Dog
2719,Cat
2720,Dog
2721,Cat
2722,Dog
2723,Cat
2724,Dog
2725,Cat
2726,Dog
2727,Cat
2728,Dog
2729,Cat
2730,Dog
2731,Cat
2732,Dog
2733,Cat
2734,Dog
2735,Cat
2736,Dog
2737,Cat
2738,Dog
2739,Cat
2740,Dog
2741,Cat
2742,Dog
2743,Cat
2744,Dog
2745,Cat
2746,Dog
2747,Cat
2748,Dog
2749,Cat
2750,Dog
2751,Cat
2752,Dog
2753,Cat
2754,Dog
2755,Cat
2756,Dog
2757,Cat
2758,Dog
2759,Cat
2760,Dog
2761,Cat
2762,Dog
2763,Cat
2764,Dog
2765,Cat
2766,Dog
2767,Cat
2768,Dog
2769,Cat
2770,Dog
2771,Cat
2772,Dog
2773,Cat
2774,Dog
2775,Cat
2776,Dog
2777,Cat
2778,Dog
2779,Cat
2780,Dog
2781,Cat
2782,Dog
2783,Cat
2784,Dog
2785,Cat
2786,Dog
2787,Cat
2788,Dog
2789,Cat
2790,Dog
2791,Cat
2792,Dog
2793,Cat
2794,Dog
2795,Cat
2796,Dog
2797,Cat
2798,Dog
2799,Cat
2800,Dog
2801,Cat
2802,Dog
2803,Cat
2804,Dog
2805,Cat
2806,Dog
2807,Cat
2808,Dog
2809,Cat
2810,Dog
2811,Cat
2812,Dog
2813,Cat
2814,Dog
2815,Cat
2816,Dog
2817,Cat
2818,Dog
2819,Cat
2820,Dog
2821,Cat
2822,Dog
2823,Cat
2824,Dog
2825,Cat
2826,Dog
2827,Cat
2828,Dog
2829,Cat
2830,Dog
2831,Cat
2832,Dog
2833,Cat
2834,Dog
2835,Cat
2836,Dog
2837,Cat
2838,Dog
2839,Cat
2840,Dog
2841,Cat
2842,Dog
2843,Cat
2844,Dog
2845,Cat
2846,Dog
2847,Cat
2848,Dog
2849,Cat
2850,Dog
2851,Cat
2852,Dog
2853,Cat
2854,Dog
2855,Cat
2856,Dog
2857,Cat
2858,Dog
2859,Cat
2860,Dog
2861,Cat
2862,Dog
2863,Cat
2864,Dog
2865,Cat
2866,Dog
2867,Cat
2868,Dog
2869,Cat
2870,Dog
2871,Cat
2872,Dog
2873,Cat
2874,Dog
2875,Cat
2876,Dog
2877,Cat
2878,Dog
2879,Cat
2880,Dog
2881,Cat
2882,Dog
2883,Cat
2884,Dog
2885,Cat
2886,Dog
2887,Cat
2888,Dog
2889,Cat
2890,Dog
2891,Cat
2892,Dog
2893,Cat
2894,Dog
2895,Cat
2896,Dog
2897,Cat
2898,Dog
2899,Cat
2900,Dog
2901,Cat
2902,Dog
2903,Cat
2904,Dog
2905,Cat
2906,Dog
2907,Cat
2908,Dog
2909,Cat
2910,Dog
2911,Cat
2912,Dog
2913,Cat
2914,Dog
2915,Cat
2916,Dog
2917,Cat
2918,Dog
2919,Cat
2920,Dog
2921,Cat
2922,Dog
2923,Cat
2924,Dog
2925,Cat
2926,Dog
2927,Cat
2928,Dog
2929,Cat
2930,Dog
2931,Cat
2932,Dog
2933,Cat
2934,Dog
2935,Cat
2936,Dog
2937,Cat
2938,Dog
2939,Cat
2940,Dog
2941,Cat
2942,Dog
2943,Cat
2944,Dog
2945,Cat
2946,Dog
2947,Cat
2948,Dog
2949,Cat
2950,Dog
2951,Cat
2952,Dog
2953,Cat
2954,Dog
2955,Cat
2956,Dog
2957,Cat
2958,Dog
2959,Cat
2960,Dog
2961,Cat
2962,Dog
2963,Cat
2964,Dog
2965,Cat
2966,Dog
2967,Cat
2968,Dog
2969,Cat
2970,Dog
2971,Cat
2972,Dog
2973,Cat
2974,Dog
2975,Cat
2976,Dog
2977,Cat
2978,Dog
2979,Cat
2980,Dog
2981,Cat
2982,Dog
2983,Cat
2984,Dog
2985,Cat
2986,Dog
2987,Cat
2988,Dog
2989,Cat
2990,Dog
2991,Cat
2992,Dog
2993,Cat
2994,Dog
2995,Cat
2996,Dog
2997,Cat
2998,Dog
2999,Cat
3000,Dog
3001,Cat
3002,Dog
3003,Cat
3004,Dog
3005,Cat
3006,Dog
3007,Cat
3008,Dog
3009,Cat
3010,Dog
3011,Cat
3012,Dog
3013,Cat
3014,Dog
3015,Cat
3016,Dog
3017,Cat
3018,Dog
3019,Cat
3020,Dog
3021,Cat
3022,Dog
3023,Cat
3024,Dog
3025,Cat
3026,Dog
3027,Cat
3028,Dog
3029,Cat
3030,Dog
3031,Cat
3032,Dog
3033,Cat
3034,Dog
3035,Cat
3036,Dog
3037,Cat
3038,Dog
3039,Cat
3040,Dog
3041,Cat
3042,Dog
3043,Cat
3044,Dog
3045,Cat
3046,Dog
3047,Cat
3048,Dog
3049,Cat
3050,Dog
3051,Cat
3052,Dog
3053,Cat
3054,Dog
3055,Cat
3056,Dog
3057,Cat
3058,Dog
3059,Cat
3060,Dog
3061,Cat
3062,Dog
3063,Cat
3064,Dog
3065,Cat
3066,Dog
3067,Cat
3068,Dog
3069,Cat
3070,Dog
3071,Cat
3072,Dog
3073,Cat
3074,Dog
3075,Cat
3076,Dog
3077,Cat
3078,Dog
3079,Cat
3080,Dog
3081,Cat
3082,Dog
3083,Cat
3084,Dog
3085,Cat
3086,Dog
3087,Cat
3088,Dog
3089,Cat
3090,Dog
3091,Cat
3092,Dog
3093,Cat
3094,Dog
3095,Cat
3096,Dog
3097,Cat
3098,Dog
3099,Cat
3100,Dog
3101,Cat
3102,Dog
3103,Cat
3104,Dog
3105,Cat
3106,Dog
3107,Cat
3108,Dog
3109,Cat
3110,Dog
3111,Cat
3112,Dog
3113,Cat
3114,Dog
3115,Cat
3116,Dog
3117,Cat
3118,Dog
3119,Cat
3120,Dog
3121,Cat
3122,Dog
3123,Cat
3124,Dog
3125,Cat
3126,Dog
3127,Cat
3128,Dog
3129,Cat
3130,Dog
3131,Cat
3132,Dog
3133,Cat
3134,Dog
3135,Cat
3136,Dog
3137,Cat
3138,Dog
3139,Cat
3140,Dog
3141,Cat
3142,Dog
3143,Cat
3144,Dog
3145,Cat
3146,Dog
3147,Cat
3148,Dog
3149,Cat
3150,Dog
3151,Cat
3152,Dog
3153,Cat
3154,Dog
3155,Cat
3156,Dog
3157,Cat
3158,Dog
3159,Cat
3160,Dog
3161,Cat
3162,Dog
3163,Cat
3164,Dog
3165,Cat
3166,Dog
3167,Cat
3168,Dog
3169,Cat
3170,Dog
3171,Cat
3172,Dog
3173,Cat
3174,Dog
3175,Cat
3176,Dog
3177,Cat
3178,Dog
3179,Cat
3180,Dog
3181,Cat
3182,Dog
3183,Cat
3184,Dog
3185,Cat
3186,Dog
3187,Cat
3188,Dog
3189,Cat
3190,Dog
3191,Cat
3192,Dog
3193,Cat
3194,Dog
3195,Cat
3196,Dog
3197,Cat
3198,Dog
3199,Cat
3200,Dog
3201,Cat
3202,Dog
3203,Cat
3204,Dog
3205,Cat
3206,Dog
3207,Cat
3208,Dog
3209,Cat
3210,Dog
3211,Cat
3212,Dog
3213,Cat
3214,Dog
3215,Cat
3216,Dog
3217,Cat
3218,Dog
3219,Cat
3220,Dog
3221,Cat
3222,Dog
3223,Cat
3224,Dog
3225,Cat
3226,Dog
3227,Cat
3228,Dog
3229,Cat
3230,Dog
3231,Cat
3232,Dog
3233,Cat
3234,Dog
3235,Cat
3236,Dog
3237,Cat
3238,Dog
3239,Cat
3240,Dog
3241,Cat
3242,Dog
3243,Cat
3244,Dog
3245,Cat
3246,Dog
3247,Cat
3248,Dog
3249,Cat
3250,Dog
3251,Cat
3252,Dog
3253,Cat
3254,Dog
3255,Cat
3256,Dog
3257,Cat
3258,Dog
3259,Cat
3260,Dog
3261,Cat
3262,Dog
3263,Cat
3264,Dog
3265,Cat
3266,Dog
3267,Cat
3268,Dog
3269,Cat
3270,Dog
3271,Cat
3272,Dog
3273,Cat
3274,Dog
3275,Cat
3276,Dog
3277,Cat
3278,Dog
3279,Cat
3280,Dog
3281,Cat
3282,Dog
3283,Cat
3284,Dog
3285,Cat
3286,Dog
3287,Cat
3288,Dog
3289,Cat
3290,Dog
3291,Cat
3292,Dog
3293,Cat
3294,Dog
3295,Cat
3296,Dog
3297,Cat
3298,Dog
3299,Cat
3300,Dog
3301,Cat
3302,Dog
3303,Cat
3304,Dog
3305,Cat
3306,Dog
3307,Cat
3308,Dog
3309,Cat
3310,Dog
3311,Cat
3312,Dog
3313,Cat
3314,Dog
3315,Cat
3316,Dog
3317,Cat
3318,Dog
3319,Cat
3320,Dog
3321,Cat
3322,Dog
3323,Cat
3324,Dog
3325,Cat
3326,Dog
3327,Cat
3328,Dog
3329,Cat
3330,Dog
3331,Cat
3332,Dog
3333,Cat
3334,Dog
3335,Cat
3336,Dog
3337,Cat
3338,Dog
3339,Cat
3340,Dog
3341,Cat
3342,Dog
3343,Cat
3344,Dog
3345,Cat
3346,Dog
3347,Cat
3348,Dog
3349,Cat
3350,Dog
3351,Cat
3352,Dog
3353,Cat
3354,Dog
3355,Cat
3356,Dog
3357,Cat
3358,Dog
3359,Cat
3360,Dog
3361,Cat
3362,Dog
3363,Cat
3364,Dog
3365,Cat
3366,Dog
3367,Cat
3368,Dog
3369,Cat
3370,Dog
3371,Cat
3372,Dog
3373,Cat
3374,Dog
3375,Cat
3376,Dog
3377,Cat
3378,Dog
3379,Cat
3380,Dog
3381,Cat
3382,Dog
3383,Cat
3384,Dog
3385,Cat
3386,Dog
3387,Cat
3388,Dog
3389,Cat
3390,Dog
3391,Cat
3392,Dog
3393,Cat
3394,Dog
3395,Cat
3396,Dog
3397,Cat
3398,Dog
3399,Cat
3400,Dog
3401,Cat
3402,Dog
3403,Cat
3404,Dog
3405,Cat
3406,Dog
3407,Cat
3408,Dog
3409,Cat
3410,Dog
3411,Cat
3412,Dog
3413,Cat
3414,Dog
3415,Cat
3416,Dog
3417,Cat
3418,Dog
3419,Cat
3420,Dog
3421,Cat
3422,Dog
3423,Cat
3424,Dog
3425,Cat
3426,Dog
3427,Cat
3428,Dog
3429,Cat
3430,Dog
3431,Cat
3432,Dog
3433,Cat
3434,Dog
3435,Cat
3436,Dog
3437,Cat
3438,Dog
3439,Cat
3440,Dog
3441,Cat
3442,Dog
3443,Cat
3444,Dog
3445,Cat
3446,Dog
3447,Cat
3448,Dog
3449,Cat
3450,Dog
3451,Cat
3452,Dog
3453,Cat
3454,Dog
3455,Cat
3456,Dog
3457,Cat
3458,Dog
3459,Cat
3460,Dog
3461,Cat
3462,Dog
3463,Cat
3464,Dog
3465,Cat
3466,Dog
3467,Cat
3468,Dog
3469,Cat
3470,Dog
3471,Cat
3472,Dog
3473,Cat
3474,Dog
3475,Cat
3476,Dog
3477,Cat
3478,Dog
3479,Cat
3480,Dog
3481,Cat
3482,Dog
3483,Cat
3484,Dog
3485,Cat
3486,Dog
3487,Cat
3488,Dog
3489,Cat
3490,Dog
3491,Cat
3492,Dog
3493,Cat
3494,Dog
3495,Cat
3496,Dog
3497,Cat
3498,Dog
3499,Cat
3500,Dog
3501,Cat
3502,Dog
3503,Cat
3504,Dog
3505,Cat
3506,Dog
3507,Cat
3508,Dog
3509,Cat
3510,Dog
3511,Cat
3512,Dog
3513,Cat
3514,Dog
3515,Cat
3516,Dog
3517,Cat
3518,Dog
3519,Cat
3520,Dog
3521,Cat
3522,Dog
3523,Cat
3524,Dog
3525,Cat
3526,Dog
3527,Cat
3528,Dog
3529,Cat
3530,Dog
3531,Cat
3532,Dog
3533,Cat
3534,Dog
3535,Cat
3536,Dog
3537,Cat
3538,Dog
3539,Cat
3540,Dog
3541,Cat
3542,Dog
3543,Cat
3544,Dog
3545,Cat
3546,Dog
3547,Cat
3548,Dog
3549,Cat
3550,Dog
3551,Cat
3552,Dog
3553,Cat
3554,Dog
3555,Cat
3556,Dog
3557,Cat
3558,Dog
3559,Cat
3560,Dog
3561,Cat
3562,Dog
3563,Cat
3564,Dog
3565,Cat
3566,Dog
3567,Cat
3568,Dog
3569,Cat
3570,Dog
3571,Cat
3572,Dog
3573,Cat
3574,Dog
3575,Cat
3576,Dog
3577,Cat
3578,Dog
3579,Cat
3580,Dog
3581,Cat
3582,Dog
3583,Cat
3584,Dog
3585,Cat
3586,Dog
3587,Cat
3588,Dog
3589,Cat
3590,Dog
3591,Cat
3592,Dog
3593,Cat
3594,Dog
3595,Cat
3596,Dog
3597,Cat
3598,Dog
3599,Cat
3600,Dog
3601,Cat
3602,Dog
3603,Cat
3604,Dog
3605,Cat
3606,Dog
3607,Cat
3608,Dog
3609,Cat
3610,Dog
3611,Cat
3612,Dog
3613,Cat
3614,Dog
3615,Cat
3616,Dog
3617,Cat
3618,Dog
3619,Cat
3620,Dog
3621,Cat
3622,Dog
3623,Cat
3624,Dog
3625,Cat
3626,Dog
3627,Cat
3628,Dog
3629,Cat
3630,Dog
3631,Cat
3632,Dog
3633,Cat
3634,Dog
3635,Cat
3636,Dog
3637,Cat
3638,Dog
3639,Cat
3640,Dog
3641,Cat
3642,Dog
3643,Cat
3644,Dog
3645,Cat
3646,Dog
3647,Cat
3648,Dog
3649,Cat
3650,Dog
3651,Cat
3652,Dog
3653,Cat
3654,Dog
3655,Cat
3656,Dog
3657,Cat
3658,Dog
3659,Cat
3660,Dog
3661,Cat
3662,Dog
3663,Cat
3664,Dog
3665,Cat
3666,Dog
3667,Cat
3668,Dog
3669,Cat
3670,Dog
3671,Cat
3672,Dog
3673,Cat
3674,Dog
3675,Cat
3676,Dog
3677,Cat
3678,Dog
3679,Cat
3680,Dog
3681,Cat
3682,Dog
3683,Cat
3684,Dog
3685,Cat
3686,Dog
3687,Cat
3688,Dog
3689,Cat
3690,Dog
3691,Cat
3692,Dog
3693,Cat
3694,Dog
3695,Cat
3696,Dog
3697,Cat
3698,Dog
3699,Cat
3700,Dog
3701,Cat
3702,Dog
3703,Cat
3704,Dog
3705,Cat
3706,Dog
3707,Cat
3708,Dog
3709,Cat
3710,Dog
3711,Cat
3712,Dog
3713,Cat
3714,Dog
3715,Cat
3716,Dog
3717,Cat
3718,Dog
3719,Cat
3720,Dog
3721,Cat
3722,Dog
3723,Cat
3724,Dog
3725,Cat
3726,Dog
3727,Cat
3728,Dog
3729,Cat
3730,Dog
3731,Cat
3732,Dog
3733,Cat
3734,Dog
3735,Cat
3736,Dog
3737,Cat
3738,Dog
3739,Cat
3740,Dog
3741,Cat
3742,Dog
3743,Cat
3744,Dog
3745,Cat
3746,Dog
3747,Cat
3748,Dog
3749,Cat
3750,Dog
3751,Cat
3752,Dog
3753,Cat
3754,Dog
3755,Cat
3756,Dog
3757,Cat
3758,Dog
3759,Cat
3760,Dog
3761,Cat
3762,Dog
3763,Cat
3764,Dog
3765,Cat
3766,Dog
3767,Cat
3768,Dog
3769,Cat
3770,Dog
3771,Cat
3772,Dog
3773,Cat
3774,Dog
3775,Cat
3776,Dog
3777,Cat
3778,Dog
3779,Cat
3780,Dog
3781,Cat
3782,Dog
3783,Cat
3784,Dog
3785,Cat
3786,Dog
3787,Cat
3788,Dog
3789,Cat
3790,Dog
3791,Cat
3792,Dog
3793,Cat
3794,Dog
3795,Cat
3796,Dog
3797,Cat
3798,Dog
3799,Cat
3800,Dog
3801,Cat
3802,Dog
3803,Cat
3804,Dog
3805,Cat
3806,Dog
3807,Cat
3808,Dog
3809,Cat
3810,Dog
3811,Cat
3812,Dog
3813,Cat
3814,Dog
3815,Cat
3816,Dog
3817,Cat
3818,Dog
3819,Cat
3820,Dog
3821,Cat
3822,Dog
3823,Cat
3824,Dog
3825,Cat
3826,Dog
3827,Cat
3828,Dog
3829,Cat
3830,Dog
3831,Cat
3832,Dog
3833,Cat
3834,Dog
3835,Cat
3836,Dog
3837,Cat
3838,Dog
3839,Cat
3840,Dog
3841,Cat
3842,Dog
3843,Cat
3844,Dog
3845,Cat
3846,Dog
3847,Cat
3848,Dog
3849,Cat
3850,Dog
3851,Cat
3852,Dog
3853,Cat
3854,Dog
3855,Cat
3856,Dog
3857,Cat
3858,Dog
3859,Cat
3860,Dog
3861,Cat
3862,Dog
3863,Cat
3864,Dog
3865,Cat
3866,Dog
3867,Cat
3868,Dog
3869,Cat
3870,Dog
3871,Cat
3872,Dog
3873,Cat
3874,Dog
3875,Cat
3876,Dog
3877,Cat
3878,Dog
3879,Cat
3880,Dog
3881,Cat
3882,Dog
3883,Cat
3884,Dog
3885,Cat
3886,Dog
3887,Cat
3888,Dog
3889,Cat
3890,Dog
3891,Cat
3892,Dog
3893,Cat
3894,Dog
3895,Cat
3896,Dog
3897,Cat
3898,Dog
3899,Cat
3900,Dog
3901,Cat
3902,Dog
3903,Cat
3904,Dog
3905,Cat
3906,Dog
3907,Cat
3908,Dog
3909,Cat
3910,Dog
3911,Cat
3912,Dog
3913,Cat
3914,Dog
3915,Cat
3916,Dog
3917,Cat
3918,Dog
3919,Cat
3920,Dog
3921,Cat
3922,Dog
3923,Cat
3924,Dog
3925,Cat
3926,Dog
3927,Cat
3928,Dog
3929,Cat
3930,Dog
3931,Cat
3932,Dog
3933,Cat
3934,Dog
3935,Cat
3936,Dog
3937,Cat
3938,Dog
3939,Cat
3940,Dog
3941,Cat
3942,Dog
3943,Cat
3944,Dog
3945,Cat
3946,Dog
3947,Cat
3948,Dog
3949,Cat
3950,Dog
3951,Cat
3952,Dog
3953,Cat
3954,Dog
3955,Cat
3956,Dog
3957,Cat
3958,Dog
3959,Cat
3960,Dog
3961,Cat
3962,Dog
3963,Cat
3964,Dog
3965,Cat
3966,Dog
3967,Cat
3968,Dog
3969,Cat
3970,Dog
3971,Cat
3972,Dog
3973,Cat
3974,Dog
3975,Cat
3976,Dog
3977,Cat
3978,Dog
3979,Cat
3980,Dog
3981,Cat
3982,Dog
3983,Cat
3984,Dog
3985,Cat
3986,Dog
3987,Cat
3988,Dog
3989,Cat
3990,Dog
3991,Cat
3992,Dog
3993,Cat
3994,Dog
3995,Cat
3996,Dog
3997,Cat
3998,Dog
3999,Cat
4000,Dog
4001,Cat
4002,Dog
4003,Cat
4004,Dog
4005,Cat
4006,Dog
4007,Cat
4008,Dog
4009,Cat
4010,Dog
4011,Cat
4012,Dog
4013,Cat
4014,Dog
4015,Cat
4016,Dog
4017,Cat
4018,Dog
4019,Cat
4020,Dog
4021,Cat
4022,Dog
4023,Cat
4024,Dog
4025,Cat
4026,Dog
4027,Cat
4028,Dog
4029,Cat
4030,Dog
4031,Cat
4032,Dog
4033,Cat
4034,Dog
4035,Cat
4036,Dog
4037,Cat
4038,Dog
4039,Cat
4040,Dog
4041,Cat
4042,Dog
4043,Cat
4044,Dog
4045,Cat
4046,Dog
4047,Cat
4048,Dog
4049,Cat
4050,Dog
4051,Cat
4052,Dog
4053,Cat
4054,Dog
4055,Cat
4056,Dog
4057,Cat
4058,Dog
4059,Cat
4060,Dog
4061,Cat
4062,Dog
4063,Cat
4064,Dog
4065,Cat
4066,Dog
4067,Cat
4068,Dog
4069,Cat
4070,Dog
4071,Cat
4072,Dog
4073,Cat
4074,Dog
4075,Cat
4076,Dog
4077,Cat
4078,Dog
4079,Cat
4080,Dog
4081,Cat
4082,Dog
4083,Cat
4084,Dog
4085,Cat
4086,Dog
4087,Cat
4088,Dog
4089,Cat
4090,Dog
4091,Cat
4092,Dog
4093,Cat
4094,Dog
4095,Cat
4096,Dog
4097,Cat
4098,Dog
4099,Cat
4100,Dog
4101,Cat
4102,Dog
4103,Cat
4104,Dog
4105,Cat
4106,Dog
4107,Cat
4108,Dog
4109,Cat
4110,Dog
4111,Cat
4112,Dog
4113,Cat
4114,Dog
4115,Cat
4116,Dog
4117,Cat
4118,Dog
4119,Cat
4120,Dog
4121,Cat
4122,Dog
4123,Cat
4124,Dog
4125,Cat
4126,Dog
4127,Cat
4128,Dog
4129,Cat
4130,Dog
4131,Cat
4132,Dog
4133,Cat
4134,Dog
4135,Cat
4136,Dog
4137,Cat
4138,Dog
4139,Cat
4140,Dog
4141,Cat
4142,Dog
4143,Cat
4144,Dog
4145,Cat
4146,Dog
4147,Cat
4148,Dog
4149,Cat
4150,Dog
4151,Cat
4152,Dog
4153,Cat
4154,Dog
4155,Cat
4156,Dog
4157,Cat
4158,Dog
4159,Cat
4160,Dog
4161,Cat
4162,Dog
4163,Cat
4164,Dog
4165,Cat
4166,Dog
4167,Cat
4168,Dog
4169,Cat
4170,Dog
4171,Cat
4172,Dog
4173,Cat
4174,Dog
4175,Cat
4176,Dog
4177,Cat
4178,Dog
4179,Cat
4180,Dog
4181,Cat
4182,Dog
4183,Cat
4184,Dog
4185,Cat
4186,Dog
4187,Cat
4188,Dog
4189,Cat
4190,Dog
4191,Cat
4192,Dog
4193,Cat
4194,Dog
4195,Cat
4196,Dog
4197,Cat
4198,Dog
4199,Cat
4200,Dog
4201,Cat
4202,Dog
4203,Cat
4204,Dog
4205,Cat
4206,Dog
4207,Cat
4208,Dog
4209,Cat
4210,Dog
4211,Cat
4212,Dog
4213,Cat
4214,Dog
4215,Cat
4216,Dog
4217,Cat
4218,Dog
4219,Cat
4220,Dog
4221,Cat
4222,Dog
4223,Cat
4224,Dog
4225,Cat
4226,Dog
4227,Cat
4228,Dog
4229,Cat
4230,Dog
4231,Cat
4232,Dog
4233,Cat
4234,Dog
4235,Cat
4236,Dog
4237,Cat
4238,Dog
4239,Cat
4240,Dog
4241,Cat
4242,Dog
4243,Cat
4244,Dog
4245,Cat
4246,Dog
4247,Cat
4248,Dog
4249,Cat
4250,Dog
4251,Cat
4252,Dog
4253,Cat
4254,Dog
4255,Cat
4256,Dog
4257,Cat
4258,Dog
4259,Cat
4260,Dog
4261,Cat
4262,Dog
4263,Cat
4264,Dog
4265,Cat
4266,Dog
4267,Cat
4268,Dog
4269,Cat
4270,Dog
4271,Cat
4272,Dog
4273,Cat
4274,Dog
4275,Cat
4276,Dog
4277,Cat
4278,Dog
4279,Cat
4280,Dog
4281,Cat
4282,Dog
4283,Cat
4284,Dog
4285,Cat
4286,Dog
4287,Cat
4288,Dog
4289,Cat
4290,Dog
4291,Cat
4292,Dog
4293,Cat
4294,Dog
4295,Cat
4296,Dog
4297,Cat
4298,Dog
4299,Cat
4300,Dog
4301,Cat
4302,Dog
4303,Cat
4304,Dog
4305,Cat
4306,Dog
4307,Cat
4308,Dog
4309,Cat
4310,Dog
4311,Cat
4312,Dog
4313,Cat
4314,Dog
4315,Cat
4316,Dog
4317,Cat
4318,Dog
4319,Cat
4320,Dog
4321,Cat
4322,Dog
4323,Cat
4324,Dog
4325,Cat
4326,Dog
4327,Cat
4328,Dog
4329,Cat
4330,Dog
4331,Cat
4332,Dog
4333,Cat
4334,Dog
4335,Cat
4336,Dog
4337,Cat
4338,Dog
4339,Cat
4340,Dog
4341,Cat
4342,Dog
4343,Cat
4344,Dog
4345,Cat
4346,Dog
4347,Cat
4348,Dog
4349,Cat
4350,Dog
4351,Cat
4352,Dog
4353,Cat
4354,Dog
4355,Cat
4356,Dog
4357,Cat
4358,Dog
4359,Cat
4360,Dog
4361,Cat
4362,Dog
4363,Cat
4364,Dog
4365,Cat
4366,Dog
4367,Cat
4368,Dog
4369,Cat
4370,Dog
4371,Cat
4372,Dog
4373,Cat
4374,Dog
4375,Cat
4376,Dog
4377,Cat
4378,Dog
4379,Cat
4380,Dog
4381,Cat
4382,Dog
4383,Cat
4384,Dog
4385,Cat
4386,Dog
4387,Cat
4388,Dog
4389,Cat
4390,Dog
4391,Cat
4392,Dog
4393,Cat
4394,Dog
4395,Cat
4396,Dog
4397,Cat
4398,Dog
4399,Cat
4400,Dog
4401,Cat
4402,Dog
4403,Cat
4404,Dog
4405,Cat
4406,Dog
4407,Cat
4408,Dog
4409,Cat
4410,Dog
4411,Cat
4412,Dog
4413,Cat
4414,Dog
4415,Cat
4416,Dog
4417,Cat
4418,Dog
4419,Cat
4420,Dog
4421,Cat
4422,Dog
4423,Cat
4424,Dog
4425,Cat
4426,Dog
4427,Cat
4428,Dog
4429,Cat
4430,Dog
4431,Cat
4432,Dog
4433,Cat
4434,Dog
4435,Cat
4436,Dog
4437,Cat
4438,Dog
4439,Cat
4440,Dog
4441,Cat
4442,Dog
4443,Cat
4444,Dog
4445,Cat
4446,Dog
4447,Cat
4448,Dog
4449,Cat
4450,Dog
4451,Cat
4452,Dog
4453,Cat
4454,Dog
4455,Cat
4456,Dog
4457,Cat
4458,Dog
4459,Cat
4460,Dog
4461,Cat
4462,Dog
4463,Cat
4464,Dog
4465,Cat
4466,Dog
4467,Cat
4468,Dog
4469,Cat
4470,Dog
4471,Cat
4472,Dog
4473,Cat
4474,Dog
4475,Cat
4476,Dog
4477,Cat
4478,Dog
4479,Cat
4480,Dog
4481,Cat
4482,Dog
4483,Cat
4484,Dog
4485,Cat
4486,Dog
4487,Cat
4488,Dog
4489,Cat
4490,Dog
4491,Cat
4492,Dog
4493,Cat
4494,Dog
4495,Cat
4496,Dog
4497,Cat
4498,Dog
4499,Cat
4500,Dog
4501,Cat
4502,Dog
4503,Cat
4504,Dog
4505,Cat
4506,Dog
4507,Cat
4508,Dog
4509,Cat
4510,Dog
4511,Cat
4512,Dog
4513,Cat
4514,Dog
4515,Cat
4516,Dog
4517,Cat
4518,Dog
4519,Cat
4520,Dog
4521,Cat
4522,Dog
4523,Cat
4524,Dog
4525,Cat
4526,Dog
4527,Cat
4528,Dog
4529,Cat
4530,Dog
4531,Cat
4532,Dog
4533,Cat
4534,Dog
4535,Cat
4536,Dog
4537,Cat
4538,Dog
4539,Cat
4540,Dog
4541,Cat
4542,Dog
4543,Cat
4544,Dog
4545,Cat
4546,Dog
4547,Cat
4548,Dog
4549,Cat
4550,Dog
4551,Cat
4552,Dog
4553,Cat
4554,Dog
4555,Cat
4556,Dog
4557,Cat
4558,Dog
4559,Cat
4560,Dog
4561,Cat
4562,Dog
4563,Cat
4564,Dog
4565,Cat
4566,Dog
4567,Cat
4568,Dog
4569,Cat
4570,Dog
4571,Cat
4572,Dog
4573,Cat
4574,Dog
4575,Cat
4576,Dog
4577,Cat
4578,Dog
4579,Cat
4580,Dog
4581,Cat
4582,Dog
4583,Cat
4584,Dog
4585,Cat
4586,Dog
4587,Cat
4588,Dog
4589,Cat
4590,Dog
4591,Cat
4592,Dog
4593,Cat
4594,Dog
4595,Cat
4596,Dog
4597,Cat
4598,Dog
4599,Cat
4600,Dog
4601,Cat
4602,Dog
4603,Cat
4604,Dog
4605,Cat
4606,Dog
4607,Cat
4608,Dog
4609,Cat
4610,Dog
4611,Cat
4612,Dog
4613,Cat
4614,Dog
4615,Cat
4616,Dog
4617,Cat
4618,Dog
4619,Cat
4620,Dog
4621,Cat
4622,Dog
4623,Cat
4624,Dog
4625,Cat
4626,Dog
4627,Cat
4628,Dog
4629,Cat
4630,Dog
4631,Cat
4632,Dog
4633,Cat
4634,Dog
4635,Cat
4636,Dog
4637,Cat
4638,Dog
4639,Cat
4640,Dog
4641,Cat
4642,Dog
4643,Cat
4644,Dog
4645,Cat
4646,Dog
4647,Cat
4648,Dog
4649,Cat
4650,Dog
4651,Cat
4652,Dog
4653,Cat
4654,Dog
4655,Cat
4656,Dog
4657,Cat
4658,Dog
4659,Cat
4660,Dog
4661,Cat
4662,Dog
4663,Cat
4664,Dog
4665,Cat
4666,Dog
4667,Cat
4668,Dog
4669,Cat
4670,Dog
4671,Cat
4672,Dog
4673,Cat
4674,Dog
4675,Cat
4676,Dog
4677,Cat
4678,Dog
4679,Cat
4680,Dog
4681,Cat
4682,Dog
4683,Cat
4684,Dog
4685,Cat
4686,Dog
4687,Cat
4688,Dog
4689,Cat
4690,Dog
4691,Cat
4692,Dog
4693,Cat
4694,Dog
4695,Cat
4696,Dog
4697,Cat
4698,Dog
4699,Cat
4700,Dog
4701,Cat
4702,Dog
4703,Cat
4704,Dog
4705,Cat
4706,Dog
4707,Cat
4708,Dog
4709,Cat
4710,Dog
4711,Cat
4712,Dog
4713,Cat
4714,Dog
4715,Cat
4716,Dog
4717,Cat
4718,Dog
4719,Cat
4720,Dog
4721,Cat
4722,Dog
4723,Cat
4724,Dog
4725,Cat
4726,Dog
4727,Cat
4728,Dog
4729,Cat
4730,Dog
4731,Cat
4732,Dog
4733,Cat
4734,Dog
4735,Cat
4736,Dog
4737,Cat
4738,Dog
4739,Cat
4740,Dog
4741,Cat
4742,Dog
4743,Cat
4744,Dog
4745,Cat
4746,Dog
4747,Cat
4748,Dog
4749,Cat
4750,Dog
4751,Cat
4752,Dog
4753,Cat
4754,Dog
4755,Cat
4756,Dog
4757,Cat
4758,Dog
4759,Cat
4760,Dog
4761,Cat
4762,Dog
4763,Cat
4764,Dog
4765,Cat
4766,Dog
4767,Cat
4768,Dog
4769,Cat
4770,Dog
4771,Cat
4772,Dog
4773,Cat
4774,Dog
4775,Cat
4776,Dog
4777,Cat
4778,Dog
4779,Cat
4780,Dog
4781,Cat
4782,Dog
4783,Cat
4784,Dog
4785,Cat
4786,Dog
4787,Cat
4788,Dog
4789,Cat
4790,Dog
4791,Cat
4792,Dog
4793,Cat
4794,Dog
4795,Cat
4796,Dog
4797,Cat
4798,Dog
4799,Cat
4800,Dog
4801,Cat
4802,Dog
4803,Cat
4804,Dog
4805,Cat
4806,Dog
4807,Cat
4808,Dog
4809,Cat
4810,Dog
4811,Cat
4812,Dog
4813,Cat
4814,Dog
4815,Cat
4816,Dog
4817,Cat
4818,Dog
4819,Cat
4820,Dog
4821,Cat
4822,Dog
4823,Cat
4824,Dog
4825,Cat
4826,Dog
4827,Cat
4828,Dog
4829,Cat
4830,Dog
4831,Cat
4832,Dog
4833,Cat
4834,Dog
4835,Cat
4836,Dog
4837,Cat
4838,Dog
4839,Cat
4840,Dog
4841,Cat
4842,Dog
4843,Cat
4844,Dog
4845,Cat
4846,Dog
4847,Cat
4848,Dog
4849,Cat
4850,Dog
4851,Cat
4852,Dog
4853,Cat
4854,Dog
4855,Cat
4856,Dog
4857,Cat
4858,Dog
4859,Cat
4860,Dog
4861,Cat
4862,Dog
4863,Cat
4864,Dog
4865,Cat
4866,Dog
4867,Cat
4868,Dog
4869,Cat
4870,Dog
4871,Cat
4872,Dog
4873,Cat
4874,Dog
4875,Cat
4876,Dog
4877,Cat
4878,Dog
4879,Cat
4880,Dog
4881,Cat
4882,Dog
4883,Cat
4884,Dog
4885,Cat
4886,Dog
4887,Cat
4888,Dog
4889,Cat
4890,Dog
4891,Cat
4892,Dog
4893,Cat
4894,Dog
4895,Cat
4896,Dog
4897,Cat
4898,Dog
4899,Cat
4900,Dog
4901,Cat
4902,Dog
4903,Cat
4904,Dog
4905,Cat
4906,Dog
4907,Cat
4908,Dog
4909,Cat
4910,Dog
4911,Cat
4912,Dog
4913,Cat
4914,Dog
4915,Cat
4916,Dog
4917,Cat
4918,Dog
4919,Cat
4920,Dog
4921,Cat
4922,Dog
4923,Cat
4924,Dog
4925,Cat
4926,Dog
4927,Cat
4928,Dog
4929,Cat
4930,Dog
4931,Cat
4932,Dog
4933,Cat
4934,Dog
4935,Cat
4936,Dog
4937,Cat
4938,Dog
4939,Cat
4940,Dog
4941,Cat
4942,Dog
4943,Cat
4944,Dog
4945,Cat
4946,Dog
4947,Cat
4948,Dog
4949,Cat
4950,Dog
4951,Cat
4952,Dog
4953,Cat
4954,Dog
4955,Cat
4956,Dog
4957,Cat
4958,Dog
4959,Cat
4960,Dog
4961,Cat
4962,Dog
4963,Cat
4964,Dog
4965,Cat
4966,Dog
4967,Cat
4968,Dog
4969,Cat
4970,Dog
4971,Cat
4972,Dog
4973,Cat
4974,Dog
4975,Cat
4976,Dog
4977,Cat
4978,Dog
4979,Cat
4980,Dog
4981,Cat
4982,Dog
4983,Cat
4984,Dog
4985,Cat
4986,Dog
4987,Cat
4988,Dog
4989,Cat
4990,Dog
4991,Cat
4992,Dog
4993,Cat
4994,Dog
4995,Cat
4996,Dog
4997,Cat
4998,Dog
4999,Cat
